{
  "1": {
    "weight": 1116
  },
  "2": {
    "weight": 1520.2000000000005
  },
  "3": {
    "weight": 1281.8000000000002
  },
  "4": {},
  "5": {},
  "6": {},
  "7": {},
  "8": {},
  "9": {},
  "10": {},
  "11": {},
  "12": {}
}