{
  "1": {
    "weight": 1116
  },
  "2": {
    "weight": 1520.2000000000005
  },
  "3": {
    "weight": 2337.4000000000015
  },
  "4": {
    "weight": 2262.0000000000014
  },
  "5": {
    "weight": 2337.4000000000015
  },
  "6": {
    "weight": 2262.0000000000014
  },
  "7": {
    "weight": 1131
  },
  "8": {},
  "9": {},
  "10": {},
  "11": {},
  "12": {}
}