{
  "1": {
    "weight": 1116
  },
  "2": {
    "weight": 1520.2000000000005
  },
  "3": {
    "weight": 2337.4000000000015
  },
  "4": {
    "weight": 1658.8000000000006
  },
  "5": {},
  "6": {},
  "7": {},
  "8": {},
  "9": {},
  "10": {},
  "11": {},
  "12": {}
}